"메인 키","기관 코드","유형1","유형2","대표기관명","전체기관명","최하위기관명","대표 전화번호","새 우편번호","지번 주소","도로명 주소","행정 시","행정 구","행정 동"
"BE_LiST32-0183","1334818","경찰","경찰청_파출소","경찰청","경찰청 서울특별시지방경찰청 서울송파경찰서 풍납파출소","풍납파출소","02-3402-6308","05520","","서울특별시 송파구 토성로 64 (풍납동)","서울특별시","송파구","풍납2동"
"BE_LiST32-0133","1334826","경찰","경찰청_파출소","경찰청","경찰청 서울특별시지방경찰청 서울방배경찰서 이수파출소","이수파출소","02-599-3880","06557","","서울특별시 서초구 동광로19길 38 (방배동)","서울특별시","서초구","방배본동"
"BE_LiST32-0134","1329309","경찰","경찰청_경찰서","경찰청","경찰청 서울특별시지방경찰청 서울서대문경찰서","서울서대문경찰서","182","03738","","서울특별시 서대문구 통일로 113 (미근동)","서울특별시","서대문구","충현동"
"BE_LiST32-0135","1334734","경찰","경찰청_파출소","경찰청","경찰청 서울특별시지방경찰청 서울서대문경찰서 남가좌파출소","남가좌파출소","02-335-8305","03692","","서울특별시 서대문구 가재울로4길 51 (남가좌동)","서울특별시","서대문구","남가좌2동"
"BE_LiST32-0136","1334735","경찰","경찰청_파출소","경찰청","경찰청 서울특별시지방경찰청 서울서대문경찰서 북가좌파출소","북가좌파출소","02-335-8306","03677","","서울특별시 서대문구 증가로 244 (북가좌동)","서울특별시","서대문구","북가좌2동"
"BE_LiST32-0137","1331395","경찰","경찰청_지구대","경찰청","경찰청 서울특별시지방경찰청 서울서대문경찰서 신촌지구대","신촌지구대","02-335-8302","03766","","서울특별시 서대문구 신촌역로 22 (대현동)","서울특별시","서대문구","신촌동"
"BE_LiST32-0138","1334736","경찰","경찰청_파출소","경찰청","경찰청 서울특별시지방경찰청 서울서대문경찰서 연희파출소","연희파출소","02-335-8304","03699","","서울특별시 서대문구 연희로25길 73 (연희동)","서울특별시","서대문구","연희동"
"BE_LiST32-0139","1331394","경찰","경찰청_지구대","경찰청","경찰청 서울특별시지방경찰청 서울서대문경찰서 충정로지구대","충정로지구대","02-335-8301","03734","","서울특별시 서대문구 독립문로 25-1 (옥천동)","서울특별시","서대문구","천연동"
"BE_LiST32-0140","1334737","경찰","경찰청_파출소","경찰청","경찰청 서울특별시지방경찰청 서울서대문경찰서 홍은2파출소","홍은2파출소","02-335-8308","03653","","서울특별시 서대문구 연희로 298 (홍은동)","서울특별시","서대문구","홍은2동"
"BE_LiST32-0141","1335592","경찰","경찰청_파출소","경찰청","경찰청 서울특별시지방경찰청 서울서대문경찰서 홍은파출소","홍은파출소","02-335-8303","03611","","서울특별시 서대문구 세검정로1길 112","서울특별시","서대문구","홍은1동"
"BE_LiST32-0142","1334238","경찰","경찰청_파출소","경찰청","경찰청 서울특별시지방경찰청 서울서대문경찰서 홍제파출소","홍제파출소","02-335-8307","03639","","서울특별시 서대문구 통일로 441-1 (홍제동)","서울특별시","서대문구","홍제1동"
"BE_LiST32-0143","1329564","경찰","경찰청_경찰서","경찰청","경찰청 서울특별시지방경찰청 서울서부경찰서","서울서부경찰서","182","03458","","서울특별시 은평구 은평로9길 15 (녹번동)","서울특별시","은평구","녹번동"
"BE_LiST32-0144","1334777","경찰","경찰청_파출소","경찰청","경찰청 서울특별시지방경찰청 서울서부경찰서 녹번파출소","녹번파출소","02-355-7112","03371","","서울특별시 은평구 진흥로 200 (녹번동)","서울특별시","은평구","녹번동"
"BE_LiST32-0145","1332661","경찰","경찰청_지구대","경찰청","경찰청 서울특별시지방경찰청 서울서부경찰서 신사지구대","신사지구대","02-303-4403","03446","","서울특별시 은평구 은평터널로5길 6 (신사동)","서울특별시","은평구","신사2동"
"BE_LiST32-0146","1334778","경찰","경찰청_파출소","경찰청","경찰청 서울특별시지방경찰청 서울서부경찰서 응암3파출소","응암3파출소","02-302-0214","03467","","서울특별시 은평구 응암로 208 (응암동)","서울특별시","은평구","응암3동"
"BE_LiST32-0147","1331442","경찰","경찰청_지구대","경찰청","경찰청 서울특별시지방경찰청 서울서부경찰서 응암지구대","응암지구대","02-352-4289","03460","","서울특별시 은평구 은평로 171 (응암동)","서울특별시","은평구","응암1동"
"BE_LiST32-0148","1329813","경찰","경찰청_경찰서","경찰청","경찰청 서울특별시지방경찰청 서울서초경찰서","서울서초경찰서","182","06590","","서울특별시 서초구 반포대로 179 (서초동)","서울특별시","서초구","서초3동"
"BE_LiST32-0149","1332883","경찰","경찰청_파출소","경찰청","경찰청 서울특별시지방경찰청 서울서초경찰서 내곡파출소","내곡파출소","02-573-5826","06793","","서울특별시 서초구 염곡말길 9 (염곡동)","서울특별시","서초구","내곡동"
"BE_LiST32-0150","1331497","경찰","경찰청_지구대","경찰청","경찰청 서울특별시지방경찰청 서울서초경찰서 반포지구대","반포지구대","02-536-8477","06545","","서울특별시 서초구 신반포로 190 (반포동)","서울특별시","서초구","반포4동"
"BE_LiST32-0151","1334814","경찰","경찰청_파출소","경찰청","경찰청 서울특별시지방경찰청 서울서초경찰서 서초2파출소","서초2파출소","02-581-1120","06629","","서울특별시 서초구 효령로77길 37 (서초동)","서울특별시","서초구","서초2동"
"BE_LiST32-0152","1334813","경찰","경찰청_파출소","경찰청","경찰청 서울특별시지방경찰청 서울서초경찰서 서초3파출소","서초3파출소","02-582-2120","06646","","서울특별시 서초구 반포대로30길 40 (서초동)","서울특별시","서초구","서초3동"
"BE_LiST32-0153","1334812","경찰","경찰청_파출소","경찰청","경찰청 서울특별시지방경찰청 서울서초경찰서 서초파출소","서초파출소","02-583-6249","06643","","서울특별시 서초구 효령로 297 (서초동)","서울특별시","서초구","서초1동"
"BE_LiST32-0154","1334810","경찰","경찰청_파출소","경찰청","경찰청 서울특별시지방경찰청 서울서초경찰서 양재파출소","양재파출소","02-572-0692","06738","","서울특별시 서초구 남부순환로356길 9 (양재동)","서울특별시","서초구","양재1동"
"BE_LiST32-0155","1334811","경찰","경찰청_파출소","경찰청","경찰청 서울특별시지방경찰청 서울서초경찰서 우면파출소","우면파출소","02-572-0113","06762","","서울특별시 서초구 바우뫼로 45 (우면동)","서울특별시","서초구","양재1동"
"BE_LiST32-0156","1329479","경찰","경찰청_경찰서","경찰청","경찰청 서울특별시지방경찰청 서울성동경찰서","서울성동경찰서","182","04750","","서울특별시 성동구 왕십리광장로 9 (행당동)","서울특별시","성동구","행당1동"
"BE_LiST32-0157","1334770","경찰","경찰청_파출소","경찰청","경찰청 서울특별시지방경찰청 서울성동경찰서 금호파출소","금호파출소","02-2231-6253","04723","","서울특별시 성동구 금호로11길 2-1 (금호동2가)","서울특별시","성동구","금호2.3가동"
"BE_LiST32-0184","1329960","경찰","경찰청_경찰서","경찰청","경찰청 서울특별시지방경찰청 서울수서경찰서","서울수서경찰서","182","06336","","서울특별시 강남구 개포로 617 (개포동)","서울특별시","강남구","일원2동"
"BE_LiST32-0185","1334837","경찰","경찰청_파출소","경찰청","경찰청 서울특별시지방경찰청 서울수서경찰서 개포파출소","개포파출소","02-571-0112","06306","","서울특별시 강남구 개포로 261 (개포동)","서울특별시","강남구","개포4동"
"BE_LiST32-0186","1329981","경찰","경찰청_파출소","경찰청","경찰청 서울특별시지방경찰청 서울수서경찰서 대왕파출소","대왕파출소","02-3411-0323","06376","","서울특별시 강남구 헌릉로 623 (세곡동)","서울특별시","강남구","세곡동"
"BE_LiST32-0187","1332697","경찰","경찰청_지구대","경찰청","경찰청 서울특별시지방경찰청 서울수서경찰서 대치지구대","대치지구대","02-538-1312","06281","","서울특별시 강남구 남부순환로 2907 (대치동)","서울특별시","강남구","대치1동"
"BE_LiST32-0188","1332696","경찰","경찰청_지구대","경찰청","경찰청 서울특별시지방경찰청 서울수서경찰서 도곡지구대","도곡지구대","02-568-2522","06297","","서울특별시 강남구 남부순환로378길 29 (도곡동)","서울특별시","강남구","도곡2동"
"BE_LiST32-0189","1332698","경찰","경찰청_파출소","경찰청","경찰청 서울특별시지방경찰청 서울수서경찰서 수서파출소","수서파출소","02-445-0112","06349","","서울특별시 강남구 밤고개로1길 48 (수서동)","서울특별시","강남구","수서동"
"BE_LiST32-0190","1334836","경찰","경찰청_파출소","경찰청","경찰청 서울특별시지방경찰청 서울수서경찰서 일원파출소","일원파출소","02-3411-0112","06338","","서울특별시 강남구 일원로3길 35 (일원동)","서울특별시","강남구","일원1동"
"BE_LiST32-0191","1329834","경찰","경찰청_경찰서","경찰청","경찰청 서울특별시지방경찰청 서울양천경찰서","서울양천경찰서","182","08095","","서울특별시 양천구 목동동로 99 (신정동)","서울특별시","양천구","신정6동"
"BE_LiST32-0192","1331499","경찰","경찰청_지구대","경찰청","경찰청 서울특별시지방경찰청 서울양천경찰서 목1지구대","목1지구대","02-2648-0040","07983","","서울특별시 양천구 목동동로 373 (목동)","서울특별시","양천구","목5동"
"BE_LiST32-0193","1331502","경찰","경찰청_지구대","경찰청","경찰청 서울특별시지방경찰청 서울양천경찰서 목2지구대","목2지구대","02-2652-0112","07951","","서울특별시 양천구 등촌로 166 (목동)","서울특별시","양천구","목3동"
"BE_LiST32-0194","1334815","경찰","경찰청_파출소","경찰청","경찰청 서울특별시지방경찰청 서울양천경찰서 신월1파출소","신월1파출소","02-2602-0092","07921","","서울특별시 양천구 남부순환로59길 8 (신월동)","서울특별시","양천구","신월1동"
"BE_LiST32-0195","1331500","경찰","경찰청_지구대","경찰청","경찰청 서울특별시지방경찰청 서울양천경찰서 신월2지구대","신월2지구대","02-2608-0112","08038","","서울특별시 양천구 지양로 55 (신월동)","서울특별시","양천구","신월7동"
"BE_LiST32-0196","1334816","경찰","경찰청_파출소","경찰청","경찰청 서울특별시지방경찰청 서울양천경찰서 신월5파출소","신월5파출소","02-2693-0113","07904","","서울특별시 양천구 남부순환로31길 37 (신월동)","서울특별시","양천구","신월5동"
"BE_LiST32-0197","1331501","경찰","경찰청_지구대","경찰청","경찰청 서울특별시지방경찰청 서울양천경찰서 신정1지구대","신정1지구대","02-2643-0113","08087","","서울특별시 양천구 중앙로32길 65 (신정동)","서울특별시","양천구","신정1동"
"BE_LiST32-0198","1331503","경찰","경찰청_지구대","경찰청","경찰청 서울특별시지방경찰청 서울양천경찰서 신정2지구대","신정2지구대","02-2699-0678","08103","","서울특별시 양천구 목동로 17 (신정동)","서울특별시","양천구","신정7동"
"BE_LiST32-0199","1332884","경찰","경찰청_파출소","경찰청","경찰청 서울특별시지방경찰청 서울양천경찰서 신정3파출소","신정3파출소","02-2696-2305","08078","","서울특별시 양천구 중앙로 205 (신정동)","서울특별시","양천구","신정3동"
"BE_LiST32-0200","1329457","경찰","경찰청_경찰서","경찰청","경찰청 서울특별시지방경찰청 서울영등포경찰서","서울영등포경찰서","182","07258","","서울특별시 영등포구 국회대로 608 (당산동3가)","서울특별시","영등포구","당산1동"
"BE_LiST32-0201","1335189","경찰","경찰청_파출소","경찰청","경찰청 서울특별시지방경찰청 서울영등포경찰서 당산파출소","당산파출소","02-2633-3874","07213","","서울특별시 영등포구 당산로 221 (당산동5가)","서울특별시","영등포구","당산2동"
"BE_LiST32-0202","1334762","경찰","경찰청_파출소","경찰청","경찰청 서울특별시지방경찰청 서울영등포경찰서 대림3파출소","대림3파출소","02-848-1918","07412","","서울특별시 영등포구 대림로 197 (대림동)","서울특별시","영등포구","대림3동"
"BE_LiST32-0203","1334761","경찰","경찰청_파출소","경찰청","경찰청 서울특별시지방경찰청 서울영등포경찰서 대림파출소","대림파출소","02-847-0112","07417","","서울특별시 영등포구 대림로23길 16-1 (대림동)","서울특별시","영등포구","대림2동"
"BE_LiST32-0204","1331424","경찰","경찰청_지구대","경찰청","경찰청 서울특별시지방경찰청 서울영등포경찰서 문래지구대","문래지구대","02-2633-5060","07299","","서울특별시 영등포구 경인로 759 (문래동3가)","서울특별시","영등포구","문래동"
"BE_LiST32-0205","1332631","경찰","경찰청_지구대","경찰청","경찰청 서울특별시지방경찰청 서울영등포경찰서 신길지구대","신길지구대","02-842-3386","07315","","서울특별시 영등포구 신길로60다길 16 (신길동)","서울특별시","영등포구","영등포본동"
"BE_LiST32-0206","1332630","경찰","경찰청_지구대","경찰청","경찰청 서울특별시지방경찰청 서울영등포경찰서 신풍지구대","신풍지구대","02-833-2070","07430","","서울특별시 영등포구 대방천로 195 (신길동)","서울특별시","영등포구","신길6동"
"BE_LiST32-0207","1335190","경찰","경찰청_파출소","경찰청","경찰청 서울특별시지방경찰청 서울영등포경찰서 양평파출소","양평파출소","02-2635-6398","07272","","서울특별시 영등포구 선유로 95","서울특별시","영등포구","양평1동"
"BE_LiST32-0208","1332351","경찰","경찰청_지구대","경찰청","경찰청 서울특별시지방경찰청 서울영등포경찰서 여의도지구대","여의도지구대","02-784-0112","07243","","서울특별시 영등포구 여의공원로 120","서울특별시","영등포구","여의동"
"BE_LiST32-0236","1331388","경찰","경찰청_파출소","경찰청","경찰청 서울특별시지방경찰청 서울종로경찰서 청운파출소","청운파출소","02-732-1055","03047","","서울특별시 종로구 자하문로 92 (궁정동)","서울특별시","종로구","청운효자동"
"BE_LiST32-0237","1334235","경찰","경찰청_파출소","경찰청","경찰청 서울특별시지방경찰청 서울종로경찰서 청진파출소","청진파출소","02-732-1114","03153","","서울특별시 종로구 삼봉로 33 (수송동)","서울특별시","종로구","종로1.2.3.4가동"
"BE_LiST32-0238","1331387","경찰","경찰청_파출소","경찰청","경찰청 서울특별시지방경찰청 서울종로경찰서 통의파출소","통의파출소","02-732-1045","03044","","서울특별시 종로구 효자로 9 (통의동)","서울특별시","종로구","사직동"
"BE_LiST32-0239","1334731","경찰","경찰청_파출소","경찰청","경찰청 서울특별시지방경찰청 서울종로경찰서 평창파출소","평창파출소","02-379-6356","03011","","서울특별시 종로구 평창문화로 46 (평창동)","서울특별시","종로구","평창동"
"BE_LiST32-0240","1329768","경찰","경찰청_경찰서","경찰청","경찰청 서울특별시지방경찰청 서울종암경찰서","서울종암경찰서","182","02803","","서울특별시 성북구 종암로 135 (종암동)","서울특별시","성북구","종암동"
"BE_LiST32-0241","1335595","경찰","경찰청_파출소","경찰청","경찰청 서울특별시지방경찰청 서울종암경찰서 석관파출소","석관파출소","02-960-3094","02790","","서울특별시 성북구 화랑로32가길 20 (석관동)","서울특별시","성북구","석관동"
"BE_LiST32-0242","1335586","경찰","경찰청_지구대","경찰청","경찰청 서울특별시지방경찰청 서울종암경찰서 월곡지구대","월곡지구대","02-919-9696","02739","","서울특별시 성북구 종암로32길 5 (하월곡동)","서울특별시","성북구","월곡1동"
"BE_LiST32-0243","1331486","경찰","경찰청_지구대","경찰청","경찰청 서울특별시지방경찰청 서울종암경찰서 장위지구대","장위지구대","02-919-9438","02769","","서울특별시 성북구 화랑로19길 85 (장위동)","서울특별시","성북구","장위2동"
"BE_LiST32-0244","1334807","경찰","경찰청_파출소","경찰청","경찰청 서울특별시지방경찰청 서울종암경찰서 종암파출소","종암파출소","02-925-0680","02803","","서울특별시 성북구 종암로23길 52 (종암동)","서울특별시","성북구","종암동"
"BE_LiST32-0245","1329641","경찰","경찰청_경찰서","경찰청","경찰청 서울특별시지방경찰청 서울중랑경찰서","서울중랑경찰서","182","02055","","서울특별시 중랑구 신내역로3길 40-10 (신내동)","서울특별시","중랑구","신내1동"
"BE_LiST32-0246","1332357","경찰","경찰청_지구대","경찰청","경찰청 서울특별시지방경찰청 서울중랑경찰서 망우지구대","망우지구대","02-434-8608","02086","","서울특별시 중랑구 망우로 391 (망우동)","서울특별시","중랑구","망우본동"
"BE_LiST32-0247","1334789","경찰","경찰청_파출소","경찰청","경찰청 서울특별시지방경찰청 서울중랑경찰서 먹골파출소","먹골파출소","02-973-4702","02031","","서울특별시 중랑구 숙선옹주로7길 1 (묵동)","서울특별시","중랑구","묵1동"
"BE_LiST32-0248","1334243","경찰","경찰청_파출소","경찰청","경찰청 서울특별시지방경찰청 서울중랑경찰서 면목본동파출소","면목본동파출소","02-434-0469","02202","","서울특별시 중랑구 상봉로 27 (면목동)","서울특별시","중랑구","면목본동"
"BE_LiST32-0249","1334244","경찰","경찰청_파출소","경찰청","경찰청 서울특별시지방경찰청 서울중랑경찰서 면목삼팔파출소","면목삼팔파출소","02-435-9438","02222","","서울특별시 중랑구 사가정로41길 45 (면목동)","서울특별시","중랑구","면목제3.8동"
"BE_LiST32-0250","1332387","경찰","경찰청_지구대","경찰청","경찰청 서울특별시지방경찰청 서울중랑경찰서 봉화지구대","봉화지구대","02-3422-0018","02024","","서울특별시 중랑구 신내로 177 (신내동)","서울특별시","중랑구","신내2동"
"BE_LiST32-0251","1334787","경찰","경찰청_파출소","경찰청","경찰청 서울특별시지방경찰청 서울중랑경찰서 상봉파출소","상봉파출소","02-433-1675","02118","","서울특별시 중랑구 중랑천로 69 (면목동)","서울특별시","중랑구","면목2동"
"BE_LiST32-0252","1332358","경찰","경찰청_지구대","경찰청","경찰청 서울특별시지방경찰청 서울중랑경찰서 용마지구대","용마지구대","02-434-3007","02236","","서울특별시 중랑구 동일로 566 (면목동)","서울특별시","중랑구","면목5동"
"BE_LiST32-0253","1335585","경찰","경찰청_지구대","경찰청","경찰청 서울특별시지방경찰청 서울중랑경찰서 중화지구대","중화지구대","02-434-8768","02113","","서울특별시 중랑구 중랑천로 146 (중화동)","서울특별시","중랑구","중화2동"
"BE_LiST32-0254","1329261","경찰","경찰청_경찰서","경찰청","경찰청 서울특별시지방경찰청 서울중부경찰서","서울중부경찰서","182","04552","","서울특별시 중구 수표로 27 (저동2가)","서울특별시","중구","을지로동"
"BE_LiST32-0255","1334232","경찰","경찰청_지구대","경찰청","경찰청 서울특별시지방경찰청 서울중부경찰서 광희지구대","광희지구대","02-2233-1444","04566","","서울특별시 중구 퇴계로 375-1 (신당동)","서울특별시","중구","신당동"
"BE_LiST32-0256","1334233","경찰","경찰청_파출소","경찰청","경찰청 서울특별시지방경찰청 서울중부경찰서 신당파출소","신당파출소","02-2252-0435","04577","","서울특별시 중구 다산로 248 (신당동)","서울특별시","중구","신당5동"
"BE_LiST32-0257","1332612","경찰","경찰청_지구대","경찰청","경찰청 서울특별시지방경찰청 서울중부경찰서 약수지구대","약수지구대","02-2234-8112","04596","","서울특별시 중구 동호로5길 15 (신당동)","서울특별시","중구","약수동"
"BE_LiST32-0258","1335003","경찰","경찰청_파출소","경찰청","경찰청 서울특별시지방경찰청 서울중부경찰서 을지로3가파출소","을지로3가파출소","02-2266-2404","04549","","서울특별시 중구 충무로 56-1 (을지로3가)","서울특별시","중구","을지로동"
"BE_LiST32-0259","1331383","경찰","경찰청_지구대","경찰청","경찰청 서울특별시지방경찰청 서울중부경찰서 을지지구대","을지지구대","02-2279-1908","04561","","서울특별시 중구 을지로 234 (을지로5가)","서울특별시","중구","을지로동"
"BE_LiST32-0260","1334234","경찰","경찰청_파출소","경찰청","경찰청 서울특별시지방경찰청 서울중부경찰서 장충파출소","장충파출소","02-2274-9003","04620","","서울특별시 중구 동호로 261 (장충동2가)","서울특별시","중구","장충동"
"BE_LiST32-0131","1334827","경찰","경찰청_파출소","경찰청","경찰청 서울특별시지방경찰청 서울방배경찰서 방배1파출소","방배1파출소","02-583-7694","06665","","서울특별시 서초구 방배로16길 16-8 (방배동)","서울특별시","서초구","방배1동"
"BE_LiST32-0132","1335593","경찰","경찰청_파출소","경찰청","경찰청 서울특별시지방경찰청 서울방배경찰서 서래파출소","서래파출소","02-534-0116","06549","","서울특별시 서초구 신반포로16길 15-14 (반포동)","서울특별시","서초구","반포2동"
"BE_LiST32-0209","1334765","경찰","경찰청_파출소","경찰청","경찰청 서울특별시지방경찰청 서울영등포경찰서 영등포역파출소","영등포역파출소","02-2678-3058","07306","","서울특별시 영등포구 경인로102길 13 (영등포동)","서울특별시","영등포구","영등포본동"
"BE_LiST32-0210","1332350","경찰","경찰청_지구대","경찰청","경찰청 서울특별시지방경찰청 서울영등포경찰서 중앙지구대","중앙지구대","02-2678-4554","07302","","서울특별시 영등포구 영등포46길 14","서울특별시","영등포구","당산1동"
"BE_LiST32-0211","1329352","경찰","경찰청_경찰서","경찰청","경찰청 서울특별시지방경찰청 서울용산경찰서","서울용산경찰서","182","04314","","서울특별시 용산구 원효로89길 24 (원효로1가)","서울특별시","용산구","청파동"
"BE_LiST32-0212","1334748","경찰","경찰청_파출소","경찰청","경찰청 서울특별시지방경찰청 서울용산경찰서 보광파출소","보광파출소","02-2198-0142","04394","","서울특별시 용산구 보광로 27 (보광동)","서울특별시","용산구","보광동"
"BE_LiST32-0213","1334746","경찰","경찰청_파출소","경찰청","경찰청 서울특별시지방경찰청 서울용산경찰서 용산역파출소","용산역파출소","02-2198-0150","04378","","서울특별시 용산구 한강대로23길 30 (한강로2가)","서울특별시","용산구","한강로동"
"BE_LiST32-0214","1331403","경찰","경찰청_지구대","경찰청","경찰청 서울특별시지방경찰청 서울용산경찰서 용중지구대","용중지구대","02-2198-0116","04331","","서울특별시 용산구 후암로16나길 17 (후암동)","서울특별시","용산구","후암동"
"BE_LiST32-0215","1331401","경찰","경찰청_지구대","경찰청","경찰청 서울특별시지방경찰청 서울용산경찰서 원효지구대","원효지구대","02-2198-0191","04316","","서울특별시 용산구 백범로 329 (원효로1가)","서울특별시","용산구","원효로1동"
"BE_LiST32-0216","1334747","경찰","경찰청_파출소","경찰청","경찰청 서울특별시지방경찰청 서울용산경찰서 이촌파출소","이촌파출소","02-2198-0165","04422","","서울특별시 용산구 이촌로 219 (이촌동)","서울특별시","용산구","이촌1동"
"BE_LiST32-0217","1335512","경찰","경찰청_파출소","경찰청","경찰청 서울특별시지방경찰청 서울용산경찰서 이태원파출소","이태원파출소","02-2198-0125","04406","","서울특별시 용산구 이태원로 184 (이태원동)","서울특별시","용산구","이태원1동"
"BE_LiST32-0218","1334745","경찰","경찰청_파출소","경찰청","경찰청 서울특별시지방경찰청 서울용산경찰서 한강로파출소","한강로파출소","02-2198-0158","04385","","서울특별시 용산구 서빙고로 67 (용산동5가 파크타워아파트)","서울특별시","용산구","한강로동"
"BE_LiST32-0219","1335513","경찰","경찰청_파출소","경찰청","경찰청 서울특별시지방경찰청 서울용산경찰서 한남파출소","한남파출소","02-2198-0134","04410","","서울특별시 용산구 대사관로34길 49 (한남동)","서울특별시","용산구","한남동"
"BE_LiST32-0220","1329922","경찰","경찰청_경찰서","경찰청","경찰청 서울특별시지방경찰청 서울은평경찰서","서울은평경찰서","182","03338","","서울특별시 은평구 연서로 365 (불광동)","서울특별시","은평구","불광2동"
"BE_LiST32-0221","1334829","경찰","경찰청_파출소","경찰청","경찰청 서울특별시지방경찰청 서울은평경찰서 대조파출소","대조파출소","02-350-1938","03396","","서울특별시 은평구 통일로 737 (대조동)","서울특별시","은평구","대조동"
"BE_LiST32-0222","1331517","경찰","경찰청_지구대","경찰청","경찰청 서울특별시지방경찰청 서울은평경찰서 불광지구대","불광지구대","02-350-1922","03347","","서울특별시 은평구 연서로 290 (불광동)","서울특별시","은평구","불광2동"
"BE_LiST32-0223","1334828","경찰","경찰청_파출소","경찰청","경찰청 서울특별시지방경찰청 서울은평경찰서 역촌파출소","역촌파출소","02-350-1934","03417","","서울특별시 은평구 연서로 61 (역촌동)","서울특별시","은평구","역촌동"
"BE_LiST32-0224","1331518","경찰","경찰청_지구대","경찰청","경찰청 서울특별시지방경찰청 서울은평경찰서 연신내지구대","연신내지구대","02-350-1926","03325","","서울특별시 은평구 갈현로 195 (갈현동)","서울특별시","은평구","갈현2동"
"BE_LiST32-0225","1335594","경찰","경찰청_파출소","경찰청","경찰청 서울특별시지방경찰청 서울은평경찰서 진관파출소","진관파출소","02-350-1930","03302","","서울특별시 은평구 진관3로 38 (진관동)","서울특별시","은평구","진관동"
"BE_LiST32-0226","1329275","경찰","경찰청_경찰서","경찰청","경찰청 서울특별시지방경찰청 서울종로경찰서","서울종로경찰서","182","03147","","서울특별시 종로구 율곡로 46 (경운동)","서울특별시","종로구","종로1.2.3.4가동"
"BE_LiST32-0227","1334729","경찰","경찰청_파출소","경찰청","경찰청 서울특별시지방경찰청 서울종로경찰서 관수파출소","관수파출소","02-2285-4248","03191","","서울특별시 종로구 삼일대로 386 (관철동)","서울특별시","종로구","종로1.2.3.4가동"
"BE_LiST32-0228","1332874","경찰","경찰청_파출소","경찰청","경찰청 서울특별시지방경찰청 서울종로경찰서 교남파출소","교남파출소","02-732-4023","03165","","서울특별시 종로구 송월길 167 (교북동)","서울특별시","종로구","교남동"
"BE_LiST32-0229","1334120","경찰","경찰청_파출소","경찰청","경찰청 서울특별시지방경찰청 서울종로경찰서 사직파출소","사직파출소","02-735-8410","03027","","서울특별시 종로구 사직로9길 5 (사직동)","서울특별시","종로구","사직동"
"BE_LiST32-0230","1331386","경찰","경찰청_파출소","경찰청","경찰청 서울특별시지방경찰청 서울종로경찰서 삼청파출소","삼청파출소","02-732-1034","03053","","서울특별시 종로구 삼청로 66 (소격동)","서울특별시","종로구","삼청동"
"BE_LiST32-0231","1334730","경찰","경찰청_파출소","경찰청","경찰청 서울특별시지방경찰청 서울종로경찰서 세검정파출소","세검정파출소","02-391-7694","03017","","서울특별시 종로구 세검정로 226 (홍지동)","서울특별시","종로구","부암동"
"BE_LiST32-0232","1333997","경찰","경찰청_파출소","경찰청","경찰청 서울특별시지방경찰청 서울종로경찰서 세종로파출소","세종로파출소","02-720-7075","04519","","서울특별시 중구 세종대로 141 (태평로1가)","서울특별시","중구","명동"
"BE_LiST32-0233","1334119","경찰","경찰청_파출소","경찰청","경찰청 서울특별시지방경찰청 서울종로경찰서 신문로파출소","신문로파출소","02-736-6079","03175","","서울특별시 종로구 경희궁길 6-3 (신문로1가)","서울특별시","종로구","사직동"
"BE_LiST32-0234","1331389","경찰","경찰청_파출소","경찰청","경찰청 서울특별시지방경찰청 서울종로경찰서 옥인파출소","옥인파출소","02-732-1067","03035","","서울특별시 종로구 자하문로17길 24 (옥인동)","서울특별시","종로구","청운효자동"
"BE_LiST32-0087","1335589","경찰","경찰청_지구대","경찰청","경찰청 서울특별시지방경찰청 서울노원경찰서 마들지구대","마들지구대","02-2092-0306","01678","","서울특별시 노원구 한글비석로 489 (상계동)","서울특별시","노원구","상계9동"
"BE_LiST32-0088","1335588","경찰","경찰청_지구대","경찰청","경찰청 서울특별시지방경찰청 서울노원경찰서 불암지구대","불암지구대","02-2092-0305","01713","","서울특별시 노원구 한글비석로 277 (중계동)","서울특별시","노원구","중계1동"
"BE_LiST32-0089","1334825","경찰","경찰청_파출소","경찰청","경찰청 서울특별시지방경찰청 서울노원경찰서 상계1파출소","상계1파출소","02-2092-0308","01604","","서울특별시 노원구 동일로 1693 (상계동)","서울특별시","노원구","상계1동"
"BE_LiST32-0090","1331511","경찰","경찰청_지구대","경찰청","경찰청 서울특별시지방경찰청 서울노원경찰서 월계지구대","월계지구대","02-2092-0302","01864","","서울특별시 노원구 월계로55길 58 (월계동)","서울특별시","노원구","월계3동"
"BE_LiST32-0091","1331510","경찰","경찰청_지구대","경찰청","경찰청 서울특별시지방경찰청 서울노원경찰서 화랑지구대","화랑지구대","02-2092-0303","01845","","서울특별시 노원구 동일로 1034 (공릉동)","서울특별시","노원구","공릉1동"
"BE_LiST32-0092","1329939","경찰","경찰청_경찰서","경찰청","경찰청 서울특별시지방경찰청 서울도봉경찰서","서울도봉경찰서","182","01415","","서울특별시 도봉구 노해로 403 (창동)","서울특별시","도봉구","창4동"
"BE_LiST32-0093","1334830","경찰","경찰청_파출소","경찰청","경찰청 서울특별시지방경찰청 서울도봉경찰서 도봉1파출소","도봉1파출소","02-2289-9853","01306","","서울특별시 도봉구 도봉로169길 43 (도봉동)","서울특별시","도봉구","도봉1동"
"BE_LiST32-0094","1334831","경찰","경찰청_파출소","경찰청","경찰청 서울특별시지방경찰청 서울도봉경찰서 도봉2파출소","도봉2파출소","02-2289-9863","01319","","서울특별시 도봉구 도봉로180나길 33 (도봉동)","서울특별시","도봉구","도봉2동"
"BE_LiST32-0095","1334834","경찰","경찰청_파출소","경찰청","경찰청 서울특별시지방경찰청 서울도봉경찰서 방학파출소","방학파출소","02-2289-9833","01345","","서울특별시 도봉구 도봉로145길 45 (방학동)","서울특별시","도봉구","방학1동"
"BE_LiST32-0096","1334833","경찰","경찰청_파출소","경찰청","경찰청 서울특별시지방경찰청 서울도봉경찰서 숭미파출소","숭미파출소","02-2289-9883","01381","","서울특별시 도봉구 노해로 139 (쌍문동)","서울특별시","도봉구","쌍문1동"
"BE_LiST32-0097","1334835","경찰","경찰청_파출소","경찰청","경찰청 서울특별시지방경찰청 서울도봉경찰서 신방학파출소","신방학파출소","02-2289-9843","01362","","서울특별시 도봉구 시루봉로5길 10 (방학동)","서울특별시","도봉구","방학3동"
"BE_LiST32-0098","1334287","경찰","경찰청_파출소","경찰청","경찰청 서울특별시지방경찰청 서울도봉경찰서 신창파출소","신창파출소","02-2289-9823","01460","","서울특별시 도봉구 도봉로104길 49-5 (창동)","서울특별시","도봉구","창2동"
"BE_LiST32-0099","1334832","경찰","경찰청_파출소","경찰청","경찰청 서울특별시지방경찰청 서울도봉경찰서 쌍문파출소","쌍문파출소","02-2289-9873","01394","","서울특별시 도봉구 방학로3길 132 (쌍문동)","서울특별시","도봉구","쌍문2동"
"BE_LiST32-0100","1335590","경찰","경찰청_지구대","경찰청","경찰청 서울특별시지방경찰청 서울도봉경찰서 창동지구대","창동지구대","02-2289-9813","01418","","서울특별시 도봉구 노해로 392 (창동)","서울특별시","도봉구","창4동"
"BE_LiST32-0101","1332833","경찰","경찰청_경찰서","경찰청","경찰청 서울특별시지방경찰청 서울동대문경찰서","서울동대문경찰서","182","02486","","서울특별시 동대문구 약령시로21길 29 (청량리동)","서울특별시","동대문구","청량리동"
"BE_LiST32-0102","1332845","경찰","경찰청_지구대","경찰청","경찰청 서울특별시지방경찰청 서울동대문경찰서 답십리지구대","답십리지구대","02-2245-4147","02541","","서울특별시 동대문구 답십리로41길 34 (답십리동)","서울특별시","동대문구","답십리1동"
"BE_LiST32-0103","1335321","경찰","경찰청_지구대","경찰청","경찰청 서울특별시지방경찰청 서울동대문경찰서 용신지구대","용신지구대","02-923-2357","02587","","서울특별시 동대문구 청계천로7길 4 (용두동)","서울특별시","동대문구","용신동"
"BE_LiST32-0104","1334753","경찰","경찰청_파출소","경찰청","경찰청 서울특별시지방경찰청 서울동대문경찰서 이문파출소","이문파출소","02-961-8738","02423","","서울특별시 동대문구 한천로 402 (이문동)","서울특별시","동대문구","이문1동"
"BE_LiST32-0105","1334751","경찰","경찰청_파출소","경찰청","경찰청 서울특별시지방경찰청 서울동대문경찰서 장안1파출소","장안1파출소","02-2243-1662","02624","","서울특별시 동대문구 답십리로66길 3 (장안동)","서울특별시","동대문구","장안1동"
"BE_LiST32-0106","1334752","경찰","경찰청_파출소","경찰청","경찰청 서울특별시지방경찰청 서울동대문경찰서 장안2파출소","장안2파출소","02-2212-8420","02521","","서울특별시 동대문구 답십리로69길 100 (장안동)","서울특별시","동대문구","장안2동"
"BE_LiST32-0107","1334758","경찰","경찰청_파출소","경찰청","경찰청 서울특별시지방경찰청 서울동대문경찰서 전농파출소","전농파출소","02-2212-7058","02492","","서울특별시 동대문구 전농로38다길 21 (전농동)","서울특별시","동대문구","전농1동"
"BE_LiST32-0108","1334756","경찰","경찰청_파출소","경찰청","경찰청 서울특별시지방경찰청 서울동대문경찰서 제기파출소","제기파출소","02-928-5065","02465","","서울특별시 동대문구 회기로 10 (제기동)","서울특별시","동대문구","제기동"
"BE_LiST32-0109","1334757","경찰","경찰청_파출소","경찰청","경찰청 서울특별시지방경찰청 서울동대문경찰서 청량리역파출소","청량리역파출소","02-959-1454","02555","","서울특별시 동대문구 답십리로11길 30-22 (전농동)","서울특별시","동대문구","전농1동"
"BE_LiST32-0110","1334755","경찰","경찰청_파출소","경찰청","경찰청 서울특별시지방경찰청 서울동대문경찰서 청회파출소","청회파출소","02-959-9197","02486","","서울특별시 동대문구 약령시로21가길 8 (청량리동)","서울특별시","동대문구","청량리동"
"BE_LiST32-0111","1334754","경찰","경찰청_파출소","경찰청","경찰청 서울특별시지방경찰청 서울동대문경찰서 휘경파출소","휘경파출소","02-968-2304","02511","","서울특별시 동대문구 한천로 266 (휘경동)","서울특별시","동대문구","장안2동"
"BE_LiST32-0112","1332634","경찰","경찰청_경찰서","경찰청","경찰청 서울특별시지방경찰청 서울동작경찰서","서울동작경찰서","182","06922","","서울특별시 동작구 노량진로 148 (노량진동)","서울특별시","동작구","노량진1동"
"BE_LiST32-0113","1332647","경찰","경찰청_지구대","경찰청","경찰청 서울특별시지방경찰청 서울동작경찰서 남성지구대","남성지구대","02-3476-0112","07005","","서울특별시 동작구 사당로17길 4 (사당동)","서울특별시","동작구","사당3동"
"BE_LiST32-0114","1332645","경찰","경찰청_지구대","경찰청","경찰청 서울특별시지방경찰청 서울동작경찰서 노들지구대","노들지구대","02-815-2470","06906","","서울특별시 동작구 노량진로 248 (본동)","서울특별시","동작구","노량진1동"
"BE_LiST32-0115","1332644","경찰","경찰청_지구대","경찰청","경찰청 서울특별시지방경찰청 서울동작경찰서 노량진지구대","노량진지구대","02-815-3494","06932","","서울특별시 동작구 등용로12나길 2 (대방동)","서울특별시","동작구","대방동"
"BE_LiST32-0116","1335584","경찰","경찰청_지구대","경찰청","경찰청 서울특별시지방경찰청 서울동작경찰서 대방지구대","대방지구대","02-821-2431","07074","","서울특별시 동작구 신대방1다길 24 (신대방동)","서울특별시","동작구","신대방1동"
"BE_LiST32-0117","1332850","경찰","경찰청_지구대","경찰청","경찰청 서울특별시지방경찰청 서울동작경찰서 사당지구대","사당지구대","02-521-0112","07015","","서울특별시 동작구 동작대로9길 35 (사당동)","서울특별시","동작구","사당1동"
"BE_LiST32-0118","1334772","경찰","경찰청_파출소","경찰청","경찰청 서울특별시지방경찰청 서울동작경찰서 상도3파출소","상도3파출소","02-814-6189","06953","","서울특별시 동작구 상도로 87 (상도동)","서울특별시","동작구","상도3동"
"BE_LiST32-0119","1332646","경찰","경찰청_지구대","경찰청","경찰청 서울특별시지방경찰청 서울동작경찰서 상도지구대","상도지구대","02-822-1960","06956","","서울특별시 동작구 장승배기로 73 (상도동)","서울특별시","동작구","상도2동"
"BE_LiST32-0120","1329428","경찰","경찰청_경찰서","경찰청","경찰청 서울특별시지방경찰청 서울마포경찰서","서울마포경찰서","182","04130","","서울특별시 마포구 마포대로 183 (아현동)","서울특별시","마포구","아현동"
"BE_LiST32-0121","1331420","경찰","경찰청_지구대","경찰청","경찰청 서울특별시지방경찰청 서울마포경찰서 공덕지구대","공덕지구대","02-703-0492","04195","","서울특별시 마포구 만리재로 14 (공덕동)","서울특별시","마포구","아현동"
"BE_LiST32-0122","1334759","경찰","경찰청_파출소","경찰청","경찰청 서울특별시지방경찰청 서울마포경찰서 망원파출소","망원파출소","02-337-5908","04015","","서울특별시 마포구 망원로2길 63 (망원동)","서울특별시","마포구","망원1동"
"BE_LiST32-0062","1334809","경찰","경찰청_파출소","경찰청","경찰청 서울특별시지방경찰청 서울구로경찰서 가리봉파출소","가리봉파출소","02-854-0112","08395","","서울특별시 구로구 남부순환로 1275 (가리봉동)","서울특별시","구로구","가리봉동"
"BE_LiST32-0063","1331494","경찰","경찰청_지구대","경찰청","경찰청 서울특별시지방경찰청 서울구로경찰서 개봉지구대","개봉지구대","02-2612-0330","08353","","서울특별시 구로구 개봉로1가길 28 (개봉동)","서울특별시","구로구","개봉3동"
"BE_LiST32-0064","1331492","경찰","경찰청_지구대","경찰청","경찰청 서울특별시지방경찰청 서울구로경찰서 고척지구대","고척지구대","02-2612-0112","08240","","서울특별시 구로구 중앙로15길 30 (고척동)","서울특별시","구로구","고척2동"
"BE_LiST32-0065","1334808","경찰","경찰청_파출소","경찰청","경찰청 서울특별시지방경찰청 서울구로경찰서 구로3파출소","구로3파출소","02-866-0112","08371","","서울특별시 구로구 디지털로31길 86 (구로동)","서울특별시","구로구","구로3동"
"BE_LiST32-0066","1331491","경찰","경찰청_지구대","경찰청","경찰청 서울특별시지방경찰청 서울구로경찰서 구일지구대","구일지구대","02-862-4008","08313","","서울특별시 구로구 도림로 63 (구로동)","서울특별시","구로구","구로4동"
"BE_LiST32-0067","1332366","경찰","경찰청_지구대","경찰청","경찰청 서울특별시지방경찰청 서울구로경찰서 신구로지구대","신구로지구대","02-853-0189","08299","","서울특별시 구로구 구로중앙로28길 66 (구로동)","서울특별시","구로구","구로5동"
"BE_LiST32-0068","1331490","경찰","경찰청_지구대","경찰청","경찰청 서울특별시지방경찰청 서울구로경찰서 오류지구대","오류지구대","02-2612-6112","08267","","서울특별시 구로구 경인로 221 (오류동)","서울특별시","구로구","오류1동"
"BE_LiST32-0069","1332675","경찰","경찰청_경찰서","경찰청","경찰청 서울특별시지방경찰청 서울금천경찰서","서울금천경찰서","182","08766","","서울특별시 관악구 남부순환로 1435 (신림동)","서울특별시","관악구","조원동"
"BE_LiST32-0123","1334240","경찰","경찰청_파출소","경찰청","경찰청 서울특별시지방경찰청 서울마포경찰서 상암파출소","상암파출소","02-309-9525","03927","","서울특별시 마포구 매봉산로 76 (상암동)","서울특별시","마포구","상암동"
"BE_LiST32-0124","1331415","경찰","경찰청_지구대","경찰청","경찰청 서울특별시지방경찰청 서울마포경찰서 서강지구대","서강지구대","02-334-4975","04078","","서울특별시 마포구 독막로22길 8 (창전동)","서울특별시","마포구","서강동"
"BE_LiST32-0125","1335387","경찰","경찰청_파출소","경찰청","경찰청 서울특별시지방경찰청 서울마포경찰서 연남파출소","연남파출소","02-334-4974","03989","","서울특별시 마포구 연남로 4 (연남동)","서울특별시","마포구","연남동"
"BE_LiST32-0126","1331416","경찰","경찰청_지구대","경찰청","경찰청 서울특별시지방경찰청 서울마포경찰서 용강지구대","용강지구대","02-716-6391","04170","","서울특별시 마포구 도화길 40 (도화동)","서울특별시","마포구","도화동"
"BE_LiST32-0127","1331419","경찰","경찰청_지구대","경찰청","경찰청 서울특별시지방경찰청 서울마포경찰서 월드컵지구대","월드컵지구대","02-373-1113","03946","","서울특별시 마포구 월드컵북로30길 24 (성산동)","서울특별시","마포구","성산2동"
"BE_LiST32-0128","1331418","경찰","경찰청_지구대","경찰청","경찰청 서울특별시지방경찰청 서울마포경찰서 홍익지구대","홍익지구대","02-334-8150","04036","","서울특별시 마포구 양화로11길 63 (서교동)","서울특별시","마포구","서교동"
"BE_LiST32-0129","1329903","경찰","경찰청_경찰서","경찰청","경찰청 서울특별시지방경찰청 서울방배경찰서","서울방배경찰서","182","06677","","서울특별시 서초구 방배천로 54 (방배동)","서울특별시","서초구","방배2동"
"BE_LiST32-0130","1331513","경찰","경찰청_지구대","경찰청","경찰청 서울특별시지방경찰청 서울방배경찰서 남태령지구대","남태령지구대","02-582-8410","06691","","서울특별시 서초구 동작대로 34 (방배동)","서울특별시","서초구","방배2동"
"BE_LiST32-0263","1334738","경찰","경찰청_파출소","경찰청","경찰청 서울특별시지방경찰청 서울혜화경찰서 대학로파출소","대학로파출소","02-763-1230","03088","","서울특별시 종로구 이화장2길 33 (동숭동)","서울특별시","종로구","이화동"
"BE_LiST32-0264","1334742","경찰","경찰청_파출소","경찰청","경찰청 서울특별시지방경찰청 서울혜화경찰서 덕산파출소","덕산파출소","02-763-6843","03096","","서울특별시 종로구 창신길 98 (창신동)","서울특별시","종로구","창신2동"
"BE_LiST32-0265","1334741","경찰","경찰청_파출소","경찰청","경찰청 서울특별시지방경찰청 서울혜화경찰서 동묘파출소","동묘파출소","02-2252-0547","03114","","서울특별시 종로구 종로58가길 19 (숭인동)","서울특별시","종로구","숭인2동"
"BE_LiST32-0266","1334739","경찰","경찰청_파출소","경찰청","경찰청 서울특별시지방경찰청 서울혜화경찰서 명륜파출소","명륜파출소","02-762-1120","03069","","서울특별시 종로구 성균관로 54-1 (명륜1가)","서울특별시","종로구","혜화동"
"BE_LiST32-0267","1334743","경찰","경찰청_파출소","경찰청","경찰청 서울특별시지방경찰청 서울혜화경찰서 종로5가파출소","종로5가파출소","02-2267-2287","03195","","서울특별시 종로구 동호로 407 (종로5가)","서울특별시","종로구","종로5.6가동"
"BE_LiST32-0268","1334740","경찰","경찰청_파출소","경찰청","경찰청 서울특별시지방경찰청 서울혜화경찰서 창신파출소","창신파출소","02-763-4200","03094","","서울특별시 종로구 지봉로13길 20-12 (창신동)","서울특별시","종로구","창신3동"
"BE_LiST32-0269","1334239","경찰","경찰청_파출소","경찰청","경찰청 서울특별시지방경찰청 서울혜화경찰서 혜화파출소","혜화파출소","02-762-0811","03076","","서울특별시 종로구 창경궁로 279 (혜화동)","서울특별시","종로구","혜화동"
"BE_LiST32-0270","1334744","경찰","경찰청_파출소","경찰청","경찰청 서울특별시지방경찰청 서울혜화경찰서 효제파출소","효제파출소","02-762-8485","03123","","서울특별시 종로구 율곡로14길 43 (충신동)","서울특별시","종로구","종로5.6가동"
"BE_LiST32-0261","1334726","경찰","경찰청_파출소","경찰청","경찰청 서울특별시지방경찰청 서울중부경찰서 충무파출소","충무파출소","02-2266-7710","04627","","서울특별시 중구 퇴계로 178 (필동1가)","서울특별시","중구","필동"
"BE_LiST32-0262","1332617","경찰","경찰청_경찰서","경찰청","경찰청 서울특별시지방경찰청 서울혜화경찰서","서울혜화경찰서","182","03130","","서울특별시 종로구 창경궁로 112-16 (인의동)","서울특별시","종로구","종로1.2.3.4가동"
"BE_LiST32-0001","1320252","경찰","경찰청_지방청","경찰청","경찰청 서울특별시지방경찰청","서울특별시지방경찰청","182","03169","","서울특별시 종로구 사직로8길 31 (내자동)","서울특별시","종로구","사직동"
"BE_LiST32-0002","1329667","경찰","경찰청_경찰서","경찰청","경찰청 서울특별시지방경찰청 서울강남경찰서","서울강남경찰서","182","06171","","서울특별시 강남구 테헤란로113길 12 (삼성동)","서울특별시","강남구","삼성1동"
"BE_LiST32-0003","1334794","경찰","경찰청_파출소","경찰청","경찰청 서울특별시지방경찰청 서울강남경찰서 논현1파출소","논현1파출소","02-544-5555","06045","","서울특별시 강남구 학동로17길 13 (논현동 인본)","서울특별시","강남구","논현1동"
"BE_LiST32-0004","1334795","경찰","경찰청_파출소","경찰청","경찰청 서울특별시지방경찰청 서울강남경찰서 논현2파출소","논현2파출소","02-543-0112","06053","","서울특별시 강남구 학동로 227 (논현동)","서울특별시","강남구","논현2동"
"BE_LiST32-0005","1334790","경찰","경찰청_파출소","경찰청","경찰청 서울특별시지방경찰청 서울강남경찰서 삼성1파출소","삼성1파출소","02-511-5049","06083","","서울특별시 강남구 영동대로112길 4 (삼성동)","서울특별시","강남구","삼성1동"
"BE_LiST32-0006","1334791","경찰","경찰청_파출소","경찰청","경찰청 서울특별시지방경찰청 서울강남경찰서 삼성2파출소","삼성2파출소","02-562-1628","06097","","서울특별시 강남구 선릉로 626 (삼성동)","서울특별시","강남구","삼성2동"
"BE_LiST32-0007","1334793","경찰","경찰청_파출소","경찰청","경찰청 서울특별시지방경찰청 서울강남경찰서 신사파출소","신사파출소","02-511-5087","06036","","서울특별시 강남구 도산대로 143 (신사동)","서울특별시","강남구","신사동"
"BE_LiST32-0008","1334796","경찰","경찰청_파출소","경찰청","경찰청 서울특별시지방경찰청 서울강남경찰서 압구정파출소","압구정파출소","02-542-1103","06004","","서울특별시 강남구 압구정로 311 (압구정동)","서울특별시","강남구","압구정동"
"BE_LiST32-0009","1332362","경찰","경찰청_지구대","경찰청","경찰청 서울특별시지방경찰청 서울강남경찰서 역삼지구대","역삼지구대","02-562-1623","06144","","서울특별시 강남구 언주로108길 20 (역삼동)","서울특별시","강남구","역삼1동"
"BE_LiST32-0010","1334792","경찰","경찰청_파출소","경찰청","경찰청 서울특별시지방경찰청 서울강남경찰서 청담파출소","청담파출소","02-512-0112","06073","","서울특별시 강남구 학동로95길 19 (청담동)","서울특별시","강남구","청담동"
"BE_LiST32-0011","1329742","경찰","경찰청_경찰서","경찰청","경찰청 서울특별시지방경찰청 서울강동경찰서","서울강동경찰서","182","05397","","서울특별시 강동구 성내로 33 (성내동)","서울특별시","강동구","성내1동"
"BE_LiST32-0012","1336176","경찰","경찰청_파출소","경찰청","경찰청 서울특별시지방경찰청 서울강동경찰서 강일파출소","강일파출소","02-426-0112","05211","","서울특별시 강동구 아리수로91길 20 (강일동)","서울특별시","강동구","강일동"
"BE_LiST32-0013","1336177","경찰","경찰청_파출소","경찰청","경찰청 서울특별시지방경찰청 서울강동경찰서 고덕파출소","고덕파출소","02-481-0113","05231","","서울특별시 강동구 고덕로61길 61 (고덕동)","서울특별시","강동구","고덕1동"
"BE_LiST32-0014","1331482","경찰","경찰청_지구대","경찰청","경찰청 서울특별시지방경찰청 서울강동경찰서 길동지구대","길동지구대","02-478-0110","05350","","서울특별시 강동구 천호대로187길 6 (길동)","서울특별시","강동구","길동"
"BE_LiST32-0015","1334804","경찰","경찰청_파출소","경찰청","경찰청 서울특별시지방경찰청 서울강동경찰서 둔촌파출소","둔촌파출소","02-477-0116","05413","","서울특별시 강동구 진황도로 239 (둔촌동)","서울특별시","강동구","둔촌2동"
"BE_LiST32-0016","1334805","경찰","경찰청_파출소","경찰청","경찰청 서울특별시지방경찰청 서울강동경찰서 명일파출소","명일파출소","02-442-0112","05269","","서울특별시 강동구 동남로 895 (명일동)","서울특별시","강동구","명일2동"
"BE_LiST32-0017","1331481","경찰","경찰청_지구대","경찰청","경찰청 서울특별시지방경찰청 서울강동경찰서 성내지구대","성내지구대","02-478-0880","05397","","서울특별시 강동구 성내로 33 (성내동)","서울특별시","강동구","성내1동"
"BE_LiST32-0018","1331483","경찰","경찰청_지구대","경찰청","경찰청 서울특별시지방경찰청 서울강동경찰서 암사지구대","암사지구대","02-427-0112","05236","","서울특별시 강동구 고덕로 137 (암사동)","서울특별시","강동구","암사3동"
"BE_LiST32-0019","1331480","경찰","경찰청_지구대","경찰청","경찰청 서울특별시지방경찰청 서울강동경찰서 천호지구대","천호지구대","02-478-0112","05246","","서울특별시 강동구 구천면로 141 (천호동)","서울특별시","강동구","천호2동"
"BE_LiST32-0020","1332662","경찰","경찰청_경찰서","경찰청","경찰청 서울특별시지방경찰청 서울강북경찰서","서울강북경찰서","182","01064","","서울특별시 강북구 오패산로 406 (번동)","서울특별시","강북구","번1동"
"BE_LiST32-0021","1332673","경찰","경찰청_지구대","경찰청","경찰청 서울특별시지방경찰청 서울강북경찰서 미아지구대","미아지구대","02-944-4801","01177","","서울특별시 강북구 도봉로 127 (미아동)","서울특별시","강북구","송천동"
"BE_LiST32-0022","1334782","경찰","경찰청_파출소","경찰청","경찰청 서울특별시지방경찰청 서울강북경찰서 번3파출소","번3파출소","02-944-4808","01230","","서울특별시 강북구 월계로 227 (번동)","서울특별시","강북구","번3동"
"BE_LiST32-0023","1334781","경찰","경찰청_파출소","경찰청","경찰청 서울특별시지방경찰청 서울강북경찰서 번동파출소","번동파출소","02-944-4807","01067","","서울특별시 강북구 한천로 969 (번동)","서울특별시","강북구","번1동"
"BE_LiST32-0024","1336184","경찰","경찰청_파출소","경찰청","경찰청 서울특별시지방경찰청 서울강북경찰서 삼양파출소","삼양파출소","02-944-4102","01181","","서울특별시 강북구 삼양로 239-1 (미아동)","서울특별시","강북구","삼양동"
"BE_LiST32-0025","1332674","경찰","경찰청_지구대","경찰청","경찰청 서울특별시지방경찰청 서울강북경찰서 솔샘지구대","솔샘지구대","02-944-4802","01215","","서울특별시 강북구 오현로 4 (미아동)","서울특별시","강북구","송중동"
"BE_LiST32-0026","1334779","경찰","경찰청_파출소","경찰청","경찰청 서울특별시지방경찰청 서울강북경찰서 수유1파출소","수유1파출소","02-944-4803","01102","","서울특별시 강북구 삼양로 305 (수유동)","서울특별시","강북구","수유1동"
"BE_LiST32-0027","1334784","경찰","경찰청_파출소","경찰청","경찰청 서울특별시지방경찰청 서울강북경찰서 수유2파출소","수유2파출소","02-944-4804","01041","","서울특별시 강북구 삼각산로 115 (수유동)","서울특별시","강북구","수유2동"
"BE_LiST32-0028","1334783","경찰","경찰청_파출소","경찰청","경찰청 서울특별시지방경찰청 서울강북경찰서 수유3파출소","수유3파출소","02-944-4805","01052","","서울특별시 강북구 한천로150길 76 (수유동)","서울특별시","강북구","수유3동"
"BE_LiST32-0029","1334780","경찰","경찰청_파출소","경찰청","경찰청 서울특별시지방경찰청 서울강북경찰서 인수파출소","인수파출소","02-944-4806","01082","","서울특별시 강북구 수유로 49 (수유동)","서울특별시","강북구","인수동"
"BE_LiST32-0030","1329716","경찰","경찰청_경찰서","경찰청","경찰청 서울특별시지방경찰청 서울강서경찰서","서울강서경찰서","182","07658","","서울특별시 강서구 화곡로 308 (화곡동)","서울특별시","강서구","화곡6동"
"BE_LiST32-0031","1331477","경찰","경찰청_지구대","경찰청","경찰청 서울특별시지방경찰청 서울강서경찰서 가양지구대","가양지구대","02-3665-9112","07589","","서울특별시 강서구 화곡로65길 63 (등촌동)","서울특별시","강서구","등촌3동"
"BE_LiST32-0032","1332880","경찰","경찰청_지구대","경찰청","경찰청 서울특별시지방경찰청 서울강서경찰서 곰달래지구대","곰달래지구대","02-2643-7994","07741","","서울특별시 강서구 곰달래로59길 12 (화곡동)","서울특별시","강서구","화곡4동"
"BE_LiST32-0033","1331475","경찰","경찰청_지구대","경찰청","경찰청 서울특별시지방경찰청 서울강서경찰서 공항지구대","공항지구대","02-2662-0372","07620","","서울특별시 강서구 방화동로 5 (방화동)","서울특별시","강서구","방화2동"
"BE_LiST32-0034","1331476","경찰","경찰청_지구대","경찰청","경찰청 서울특별시지방경찰청 서울강서경찰서 까치산지구대","까치산지구대","02-2604-5053","07777","","서울특별시 강서구 강서로7길 39 (화곡동)","서울특별시","강서구","화곡1동"
"BE_LiST32-0035","1334801","경찰","경찰청_파출소","경찰청","경찰청 서울특별시지방경찰청 서울강서경찰서 등촌2파출소","등촌2파출소","02-2651-0330","07668","","서울특별시 강서구 등촌로 167 (등촌동)","서울특별시","강서구","등촌2동"
"BE_LiST32-0036","1334802","경찰","경찰청_파출소","경찰청","경찰청 서울특별시지방경찰청 서울강서경찰서 발산파출소","발산파출소","02-2662-0330","07641","","서울특별시 강서구 수명로2길 46 (내발산동)","서울특별시","강서구","발산1동"
"BE_LiST32-0037","1332881","경찰","경찰청_파출소","경찰청","경찰청 서울특별시지방경찰청 서울강서경찰서 방화3파출소","방화3파출소","02-2663-1121","07512","","서울특별시 강서구 금낭화로26길 16 (방화동)","서울특별시","강서구","방화3동"
"BE_LiST32-0038","1334800","경찰","경찰청_파출소","경찰청","경찰청 서울특별시지방경찰청 서울강서경찰서 염창파출소","염창파출소","02-3665-0660","07561","","서울특별시 강서구 공항대로59다길 80 (염창동)","서울특별시","강서구","염창동"
"BE_LiST32-0039","1334803","경찰","경찰청_파출소","경찰청","경찰청 서울특별시지방경찰청 서울강서경찰서 화곡3파출소","화곡3파출소","02-2604-2133","07709","","서울특별시 강서구 강서로45다길 71 (화곡동)","서울특별시","강서구","화곡3동"
"BE_LiST32-0040","1335255","경찰","경찰청_지구대","경찰청","경찰청 서울특별시지방경찰청 서울강서경찰서 화곡지구대","화곡지구대","02-2604-0087","07658","","서울특별시 강서구 화곡로 310 (화곡동)","서울특별시","강서구","화곡6동"
"BE_LiST32-0041","1329692","경찰","경찰청_경찰서","경찰청","경찰청 서울특별시지방경찰청 서울관악경찰서","서울관악경찰서","182","08833","","서울특별시 관악구 관악로5길 33 (봉천동)","서울특별시","관악구","청룡동"
"BE_LiST32-0042","1331471","경찰","경찰청_지구대","경찰청","경찰청 서울특별시지방경찰청 서울관악경찰서 관악산지구대","관악산지구대","02-870-0840","08813","","서울특별시 관악구 대학길 48 (신림동)","서울특별시","관악구","대학동"
"BE_LiST32-0043","1331469","경찰","경찰청_지구대","경찰청","경찰청 서울특별시지방경찰청 서울관악경찰서 낙성대지구대","낙성대지구대","02-870-0820","08789","","서울특별시 관악구 봉천로 540 (봉천동)","서울특별시","관악구","낙성대동"
"BE_LiST32-0044","1334797","경찰","경찰청_파출소","경찰청","경찰청 서울특별시지방경찰청 서울관악경찰서 난우파출소","난우파출소","02-870-0860","08861","","서울특별시 관악구 난곡로 64 (신림동)","서울특별시","관악구","난향동"
"BE_LiST32-0045","1332688","경찰","경찰청_파출소","경찰청","경찰청 서울특별시지방경찰청 서울관악경찰서 남현파출소","남현파출소","02-870-0890","08807","","서울특별시 관악구 남현1가길 29 (남현동)","서울특별시","관악구","남현동"
"BE_LiST32-0046","1331468","경찰","경찰청_지구대","경찰청","경찰청 서울특별시지방경찰청 서울관악경찰서 당곡지구대","당곡지구대","02-870-0810","08756","","서울특별시 관악구 남부순환로191길 12 (봉천동)","서울특별시","관악구","은천동"
"BE_LiST32-0047","1334798","경찰","경찰청_파출소","경찰청","경찰청 서울특별시지방경찰청 서울관악경찰서 미성파출소","미성파출소","02-870-0870","08772","","서울특별시 관악구 난곡로64가길 31 (신림동)","서울특별시","관악구","미성동"
"BE_LiST32-0048","1331472","경찰","경찰청_지구대","경찰청","경찰청 서울특별시지방경찰청 서울관악경찰서 봉천지구대","봉천지구대","02-870-0850","08715","","서울특별시 관악구 은천로 93 (봉천동 벽산블루밍아파트)","서울특별시","관악구","은천동"
"BE_LiST32-0049","1331470","경찰","경찰청_지구대","경찰청","경찰청 서울특별시지방경찰청 서울관악경찰서 신림지구대","신림지구대","02-870-0830","08779","","서울특별시 관악구 남부순환로188길 12 (신림동)","서울특별시","관악구","서원동"
"BE_LiST32-0050","1334799","경찰","경찰청_파출소","경찰청","경찰청 서울특별시지방경찰청 서울관악경찰서 신사파출소","신사파출소","02-870-0880","08702","","서울특별시 관악구 신사로 106 (신림동)","서울특별시","관악구","신사동"
"BE_LiST32-0051","1332648","경찰","경찰청_경찰서","경찰청","경찰청 서울특별시지방경찰청 서울광진경찰서","서울광진경찰서","182","04991","","서울특별시 광진구 광나루로 447 (능동)","서울특별시","광진구","능동"
"BE_LiST32-0052","1332657","경찰","경찰청_지구대","경찰청","경찰청 서울특별시지방경찰청 서울광진경찰서 광나루지구대","광나루지구대","02-457-0112","04983","","서울특별시 광진구 아차산로 567 (광장동)","서울특별시","광진구","광장동"
"BE_LiST32-0053","1334776","경찰","경찰청_파출소","경찰청","경찰청 서울특별시지방경찰청 서울광진경찰서 자양1파출소","자양1파출소","02-444-4112","05053","","서울특별시 광진구 자양번영로 80 (자양동)","서울특별시","광진구","자양1동"
"BE_LiST32-0054","1334241","경찰","경찰청_파출소","경찰청","경찰청 서울특별시지방경찰청 서울광진경찰서 자양4파출소","자양4파출소","02-463-0113","05084","","서울특별시 광진구 뚝섬로22가길 43 (자양동)","서울특별시","광진구","자양4동"
"BE_LiST32-0055","1334775","경찰","경찰청_파출소","경찰청","경찰청 서울특별시지방경찰청 서울광진경찰서 자양파출소","자양파출소","02-447-1112","05091","","서울특별시 광진구 뚝섬로36길 9 (자양동)","서울특별시","광진구","자양3동"
"BE_LiST32-0056","1335514","경찰","경찰청_파출소","경찰청","경찰청 서울특별시지방경찰청 서울광진경찰서 중곡1파출소","중곡1파출소","02-447-0113","04909","","서울특별시 광진구 능동로 385 (중곡동)","서울특별시","광진구","중곡1동"
"BE_LiST32-0057","1334774","경찰","경찰청_파출소","경찰청","경찰청 서울특별시지방경찰청 서울광진경찰서 중곡2파출소","중곡2파출소","02-444-8113","04927","","서울특별시 광진구 능동로 346 (중곡동)","서울특별시","광진구","중곡2동"
"BE_LiST32-0058","1335515","경찰","경찰청_파출소","경찰청","경찰청 서울특별시지방경찰청 서울광진경찰서 중곡3파출소","중곡3파출소","02-3409-0112","04905","","서울특별시 광진구 동일로76가길 28 (중곡동)","서울특별시","광진구","중곡3동"
"BE_LiST32-0059","1334242","경찰","경찰청_파출소","경찰청","경찰청 서울특별시지방경찰청 서울광진경찰서 중곡4파출소","중곡4파출소","02-457-1112","04940","","서울특별시 광진구 용마산로24길 7 (중곡동)","서울특별시","광진구","중곡4동"
"BE_LiST32-0060","1332878","경찰","경찰청_지구대","경찰청","경찰청 서울특별시지방경찰청 서울광진경찰서 화양지구대","화양지구대","02-469-1137","05010","","서울특별시 광진구 능동로17길 39 (화양동)","서울특별시","광진구","화양동"
"BE_LiST32-0061","1329787","경찰","경찰청_경찰서","경찰청","경찰청 서울특별시지방경찰청 서울구로경찰서","서울구로경찰서","182","08284","","서울특별시 구로구 가마산로 235 (구로동)","서울특별시","구로구","구로2동"
"BE_LiST32-0070","1334785","경찰","경찰청_파출소","경찰청","경찰청 서울특별시지방경찰청 서울금천경찰서 가산파출소","가산파출소","02-864-0113","08512","","서울특별시 금천구 벚꽃로56길 174 (가산동)","서울특별시","금천구","가산동"
"BE_LiST32-0071","1335591","경찰","경찰청_파출소","경찰청","경찰청 서울특별시지방경찰청 서울금천경찰서 금천파출소","금천파출소","02-802-0113","08632","","서울특별시 금천구 시흥대로57길 45 (시흥동)","서울특별시","금천구","시흥1동"
"BE_LiST32-0072","1334786","경찰","경찰청_파출소","경찰청","경찰청 서울특별시지방경찰청 서울금천경찰서 독산파출소","독산파출소","02-807-0113","08602","","서울특별시 금천구 벚꽃로10길 89 (독산동)","서울특별시","금천구","독산1동"
"BE_LiST32-0073","1332683","경찰","경찰청_지구대","경찰청","경찰청 서울특별시지방경찰청 서울금천경찰서 문성지구대","문성지구대","02-855-0112","08557","","서울특별시 금천구 독산로76길 20 (독산동)","서울특별시","금천구","독산4동"
"BE_LiST32-0074","1332685","경찰","경찰청_지구대","경찰청","경찰청 서울특별시지방경찰청 서울금천경찰서 백산지구대","백산지구대","02-805-0112","08564","","서울특별시 금천구 독산로50길 105 (시흥동)","서울특별시","금천구","시흥4동"
"BE_LiST32-0075","1329294","경찰","경찰청_경찰서","경찰청","경찰청 서울특별시지방경찰청 서울남대문경찰서","서울남대문경찰서","182","04637","","서울특별시 중구 한강대로 410 (남대문로5가)","서울특별시","중구","회현동"
"BE_LiST32-0076","1329304","경찰","경찰청_파출소","경찰청","경찰청 서울특별시지방경찰청 서울남대문경찰서 남대문파출소","남대문파출소","02-778-7041","04528","","서울특별시 중구 남대문시장4길 28-16 (남창동)","서울특별시","중구","회현동"
"BE_LiST32-0077","1332948","경찰","경찰청_파출소","경찰청","경찰청 서울특별시지방경찰청 서울남대문경찰서 명동파출소","명동파출소","02-771-0268","04536","","서울특별시 중구 명동길 32 (명동2가)","서울특별시","중구","명동"
"BE_LiST32-0078","1334733","경찰","경찰청_파출소","경찰청","경찰청 서울특별시지방경찰청 서울남대문경찰서 서소문파출소","서소문파출소","02-777-1942","04515","","서울특별시 중구 서소문로 131-1 (서소문동)","서울특별시","중구","소공동"
"BE_LiST32-0079","1334236","경찰","경찰청_파출소","경찰청","경찰청 서울특별시지방경찰청 서울남대문경찰서 서울역파출소","서울역파출소","02-778-1875","04509","","서울특별시 중구 통일로 13 (봉래동2가)","서울특별시","중구","회현동"
"BE_LiST32-0080","1332875","경찰","경찰청_파출소","경찰청","경찰청 서울특별시지방경찰청 서울남대문경찰서 중림파출소","중림파출소","02-363-6344","04502","","서울특별시 중구 중림로 36 (중림동)","서울특별시","중구","중림동"
"BE_LiST32-0081","1334732","경찰","경찰청_파출소","경찰청","경찰청 서울특별시지방경찰청 서울남대문경찰서 태평로파출소","태평로파출소","02-777-2593","04521","","서울특별시 중구 다동길 11 (다동)","서울특별시","중구","명동"
"BE_LiST32-0082","1334237","경찰","경찰청_파출소","경찰청","경찰청 서울특별시지방경찰청 서울남대문경찰서 회현파출소","회현파출소","02-778-3390","04634","","서울특별시 중구 퇴계로 52 (회현동1가)","서울특별시","중구","회현동"
"BE_LiST32-0083","1329882","경찰","경찰청_경찰서","경찰청","경찰청 서울특별시지방경찰청 서울노원경찰서","서울노원경찰서","182","01788","","서울특별시 노원구 노원로 283 (하계동)","서울특별시","노원구","하계1동"
"BE_LiST32-0084","1332886","경찰","경찰청_지구대","경찰청","경찰청 서울특별시지방경찰청 서울노원경찰서 노원역지구대","노원역지구대","02-2092-0304","01752","","서울특별시 노원구 노원로 431 (상계동)","서울특별시","노원구","상계6.7동"
"BE_LiST32-0085","1334823","경찰","경찰청_파출소","경찰청","경찰청 서울특별시지방경찰청 서울노원경찰서 당고개파출소","당고개파출소","02-2092-0307","01639","","서울특별시 노원구 상계로 221 (상계동)","서울특별시","노원구","상계3.4동"
"BE_LiST32-0086","1332692","경찰","경찰청_지구대","경찰청","경찰청 서울특별시지방경찰청 서울노원경찰서 당현지구대","당현지구대","02-2092-0301","01787","","서울특별시 노원구 노원로17길 64 (중계동)","서울특별시","노원구","중계2.3동"
"BE_LiST32-0235","1334728","경찰","경찰청_파출소","경찰청","경찰청 서울특별시지방경찰청 서울종로경찰서 종로2가파출소","종로2가파출소","02-763-0112","03140","","서울특별시 종로구 종로17길 4 (종로2가)","서울특별시","종로구","종로1.2.3.4가동"
"BE_LiST32-0158","1332876","경찰","경찰청_지구대","경찰청","경찰청 서울특별시지방경찰청 서울성동경찰서 서울숲지구대","서울숲지구대","02-464-0113","04775","","서울특별시 성동구 성덕정길 77-2 (성수동2가)","서울특별시","성동구","성수2가1동"
"BE_LiST32-0159","1332633","경찰","경찰청_지구대","경찰청","경찰청 서울특별시지방경찰청 서울성동경찰서 성수지구대","성수지구대","02-463-0112","04792","","서울특별시 성동구 광나루로2길 35 (성수동2가)","서울특별시","성동구","성수2가3동"
"BE_LiST32-0160","1335547","경찰","경찰청_파출소","경찰청","경찰청 서울특별시지방경찰청 서울성동경찰서 옥수파출소","옥수파출소","02-2298-5031","04733","","서울특별시 성동구 독서당로 211 (옥수동)","서울특별시","성동구","옥수동"
"BE_LiST32-0161","1334767","경찰","경찰청_파출소","경찰청","경찰청 서울특별시지방경찰청 서울성동경찰서 왕십리파출소","왕십리파출소","02-2295-1241","04706","","서울특별시 성동구 마장로 205 (홍익동)","서울특별시","성동구","왕십리도선동"
"BE_LiST32-0162","1332877","경찰","경찰청_파출소","경찰청","경찰청 서울특별시지방경찰청 서울성동경찰서 용답파출소","용답파출소","02-2245-0189","04804","","서울특별시 성동구 용답중앙길 49 (용답동)","서울특별시","성동구","용답동"
"BE_LiST32-0163","1334769","경찰","경찰청_파출소","경찰청","경찰청 서울특별시지방경찰청 서울성동경찰서 응봉파출소","응봉파출소","02-2293-0306","04720","","서울특별시 성동구 독서당로 373 (응봉동)","서울특별시","성동구","응봉동"
"BE_LiST32-0164","1331425","경찰","경찰청_지구대","경찰청","경찰청 서울특별시지방경찰청 서울성동경찰서 한양지구대","한양지구대","02-2292-5975","04761","","서울특별시 성동구 사근동길 5 (행당동)","서울특별시","성동구","사근동"
"BE_LiST32-0165","1334766","경찰","경찰청_파출소","경찰청","경찰청 서울특별시지방경찰청 서울성동경찰서 행당파출소","행당파출소","02-2292-1812","04713","","서울특별시 성동구 행당로 89 (행당동)","서울특별시","성동구","행당2동"
"BE_LiST32-0166","1329377","경찰","경찰청_경찰서","경찰청","경찰청 서울특별시지방경찰청 서울성북경찰서","서울성북경찰서","182","02848","","서울특별시 성북구 보문로 170 (삼선동5가)","서울특별시","성북구","삼선동"
"BE_LiST32-0167","1331408","경찰","경찰청_지구대","경찰청","경찰청 서울특별시지방경찰청 서울성북경찰서 길음지구대","길음지구대","02-919-9723","02724","","서울특별시 성북구 삼양로13길 51 (길음동)","서울특별시","성북구","길음1동"
"BE_LiST32-0168","1331405","경찰","경찰청_지구대","경찰청","경찰청 서울특별시지방경찰청 서울성북경찰서 돈암지구대","돈암지구대","02-926-2236","02826","","서울특별시 성북구 아리랑로5길 54 (돈암동)","서울특별시","성북구","돈암2동"
"BE_LiST32-0169","1332547","경찰","경찰청_파출소","경찰청","경찰청 서울특별시지방경찰청 서울성북경찰서 성북파출소","성북파출소","02-762-0103","02837","","서울특별시 성북구 성북로 94 (성북동)","서울특별시","성북구","성북동"
"BE_LiST32-0170","1331406","경찰","경찰청_지구대","경찰청","경찰청 서울특별시지방경찰청 서울성북경찰서 안암지구대","안암지구대","02-926-9520","02870","","서울특별시 성북구 지봉로21길 45 (보문동3가)","서울특별시","성북구","보문동"
"BE_LiST32-0171","1334750","경찰","경찰청_파출소","경찰청","경찰청 서울특별시지방경찰청 서울성북경찰서 정릉2파출소","정릉2파출소","02-914-0730","02814","","서울특별시 성북구 정릉로26길 6 (정릉동)","서울특별시","성북구","정릉2동"
"BE_LiST32-0172","1334749","경찰","경찰청_파출소","경찰청","경찰청 서울특별시지방경찰청 서울성북경찰서 정릉파출소","정릉파출소","02-919-9757","02702","","서울특별시 성북구 솔샘로 111 (정릉동)","서울특별시","성북구","정릉4동"
"BE_LiST32-0173","1329860","경찰","경찰청_경찰서","경찰청","경찰청 서울특별시지방경찰청 서울송파경찰서","서울송파경찰서","182","05701","","서울특별시 송파구 중대로 221 (가락동)","서울특별시","송파구","가락본동"
"BE_LiST32-0174","1331507","경찰","경찰청_지구대","경찰청","경찰청 서울특별시지방경찰청 서울송파경찰서 가락지구대","가락지구대","02-3402-6304","05715","","서울특별시 송파구 중대로 179 (가락동)","서울특별시","송파구","가락본동"
"BE_LiST32-0175","1334821","경찰","경찰청_파출소","경찰청","경찰청 서울특별시지방경찰청 서울송파경찰서 거여파출소","거여파출소","02-3402-6307","05767","","서울특별시 송파구 거마로10길 9 (거여동)","서울특별시","송파구","거여2동"
"BE_LiST32-0176","1334819","경찰","경찰청_파출소","경찰청","경찰청 서울특별시지방경찰청 서울송파경찰서 마천파출소","마천파출소","02-3402-6306","05756","","서울특별시 송파구 마천로41길 8 (마천동)","서울특별시","송파구","마천2동"
"BE_LiST32-0177","1335587","경찰","경찰청_지구대","경찰청","경찰청 서울특별시지방경찰청 서울송파경찰서 문정지구대","문정지구대","02-3402-6305","05802","","서울특별시 송파구 새말로15길 9 (문정동)","서울특별시","송파구","장지동"
"BE_LiST32-0178","1331505","경찰","경찰청_지구대","경찰청","경찰청 서울특별시지방경찰청 서울송파경찰서 방이지구대","방이지구대","02-3402-6301","05639","","서울특별시 송파구 양재대로71길 5-6 (방이동)","서울특별시","송파구","방이1동"
"BE_LiST32-0179","1332690","경찰","경찰청_지구대","경찰청","경찰청 서울특별시지방경찰청 서울송파경찰서 삼전지구대","삼전지구대","02-3402-6303","05584","","서울특별시 송파구 백제고분로 238 (삼전동)","서울특별시","송파구","삼전동"
"BE_LiST32-0180","1334817","경찰","경찰청_파출소","경찰청","경찰청 서울특별시지방경찰청 서울송파경찰서 신천파출소","신천파출소","02-3402-6310","05507","","서울특별시 송파구 올림픽로35길 12 (신천동)","서울특별시","송파구","잠실4동"
"BE_LiST32-0181","1334820","경찰","경찰청_파출소","경찰청","경찰청 서울특별시지방경찰청 서울송파경찰서 오금파출소","오금파출소","02-3402-6309","05659","","서울특별시 송파구 마천로8길 17 (오금동)","서울특별시","송파구","오금동"
"BE_LiST32-0182","1332691","경찰","경찰청_지구대","경찰청","경찰청 서울특별시지방경찰청 서울송파경찰서 잠실지구대","잠실지구대","02-3402-6302","05501","","서울특별시 송파구 올림픽로 101 (잠실동)","서울특별시","송파구","잠실2동"